PM10,PM2.5
38,31
21,16
22,16
20,16
29,22
36,22
58,47
54,34
59,26
31,14
24,12
31,11
16,7
18,7
7,3
13,9
22,15
38,21
48,19
52,20
13,7
34,15
44,20
22,14
13,7
18,11
26,17
30,12
32,14
32,13
34,16
42,23
30,20
31,18
30,18
40,29
55,36
51,34
49,34
29,17
18,10
33,21
38,25
26,18
18,9
12,8
17,13
43,28
51,29
38,23
30,7
24,11
25,13
46,26
53,31
18,9
27,14
24,11
29,12
29,13
40,10
49,17
56,26
41,19
55,23
77,32
61,24
44,20
58,24
47,31
26,17
31,14
61,17
31,14
50,17
33,13
29,15
56,30
48,32
59,34
46,25
57,26
91,22
105,24
60,22
42,22
55,32
88,48
38,19
70,38
57,36
39,32
37,31
31,22
24,19
12,10
63,43
29,14
38,15
54,21
105,27
246,40
197,52
137,46
78,42
59,31
80,34
50,29
31,20
37,21
228,44
140,38
80,26
47,20
26,15
26,18
30,19
36,21
38,20
34,18
28,15
31,17
36,20
43,26
19,13
23,22
33,30
26,21
35,21
40,18
38,18
37,20
31,21
30,23
36,23
56,29
42,20
36,20
25,14
29,18
91,33
145,44
56,22
23,15
29,18
30,20
33,24
17,19
13,16
22,18
24,16
27,17
40,23
29,13
25,13
30,17
27,16
38,25
30,19
20,12
26,17
26,20
26,21
13,8
13,7
27,15
19,10
26,16
25,12
19,7
9,3
11,3
9,3
9,3
15,6
10,6
16,8
15,10
20,15
17,9
30,17
29,18
32,21
26,20
21,9
45,23
40,16
19,10
14,9
23,15
20,10
10,6
22,13
14,6
16,8
35,20
36,15
11,5
24,16
32,21
27,19
25,14
15,9
15,8
18,10
10,4
13,6
24,14
30,23
20,15
23,17
28,18
27,20
18,13
17,11
21,15
17,12
14,6
10,3
8,3
8,3
13,7
18,12
18,9
17,11
13,5
13,4
14,5
15,6
14,9
11,7
24,14
29,24
20,13
6,3
8,6
15,10
15,10
12,8
13,8
6,4
13,6
15,9
20,15
21,17
15,10
14,11
15,9
15,8
11,6
10,6
10,7
10,7
22,17
11,11
7,5
6,6
5,4
5,3
13,6
21,16
18,13
11,5
9,6
13,9
11,6
8,4
4,5
3,3
19,10
25,18
20,15
21,10
11,5
11,7
15,11
18,8
12,7
11,6
11,6
9,6
15,10
16,10
19,14
21,16
20,16
15,14
24,14
24,15
20,14
27,21
14,9
12,6
12,8
24,15
23,18
31,23
37,29
16,11
14,11
15,10
21,14
28,18
35,25
36,25
23,14
15,13
11,6
13,9
9,6
12,9
17,14
21,13
13,10
13,12
12,11
11,10
15,13
27,23
15,12
16,12
32,21
25,18
9,7
15,10
41,21
11,10
11,10
13,11
17,12
22,17
12,10
13,10
11,9
18,15
20,17
14,11
21,17
34,28
62,25
73,26
64,35
43,22
11,8
4,5
11,8
17,12
4,6
7,7
9,6
6,4
9,8
30,23
12,8
12,9
8,7
11,11
21,21
25,19
34,28
40,34
33,27
30,29
11,11
44,31
23,8
32,15
30,18
47,32
69,54
106,84
121,65
90,37
59,30
64,41
54,38
14,7
8,2
12,8
21,13
34,20
49,22
59,25
61,14
25,12
26,11
50,28
26,9
20,8
28,16
37,15
39,9
46,16
37,13
46,11
63,31
40,11
37,14
39,23
59,42
77,54
72,52
60,41
32,16
19,11
41,29
61,47
24,11
31,16
14,4
25,13
46,30
82,57
46,29
39,4
29,11
40,21
42,21
48,24
37,13
37,16
45,25
36,21
36,15
58,7
41,14
71,38
69,43
51,26
67,31
67,30
66,45
99,52
101,47
55,26
35,8
47,11
48,15
61,11
43,14
58,27
86,52
74,50
58,34
58,29
99,27
158,29
102,27
64,15
49,20
72,30
78,34
65,29
88,39
76,40
45,31
45,29
45,28
15,13
54,48
80,50
39,8
58,16
46,19
67,21
283,35
197,32
98,24
57,22
108,34
99,33
39,18
33,18
24,16
59,17
55,14
48,15
51,16
31,16
26,15
37,21
39,19
28,16
38,15
42,20
29,12
35,17
42,22
11,7
14,11
28,22
32,21
49,28
48,28
47,23
50,28
37,23
22,15
37,22
57,31
39,18
35,19
21,14
24,16
89,29
114,36
56,18
39,18
33,15
32,15
27,18
11,8
14,9
33,19
29,15
37,25
34,21
34,16
35,19
32,18
22,14
39,23
24,15
24,13
33,22
22,16
33,21
30,19
31,22
27,19
31,22
23,16
30,18
49,30
38,24
14,9
20,10
30,18
35,23
36,26
22,13
20,14
32,23
31,24
36,27
33,23
22,16
34,22
32,24
27,17
52,29
46,23
15,10
17,10
30,18
20,13
32,20
27,18
17,13
24,19
35,19
33,21
16,9
31,19
62,42
62,46
29,19
14,6
24,12
22,14
15,8
23,13
34,24
32,24
17,11
27,21
29,21
33,24
25,15
24,14
23,14
20,14
10,7
8,4
10,5
8,4
21,13
22,14
30,19
39,26
26,16
19,12
29,18
37,25
37,26
29,21
28,18
24,16
15,10
10,5
21,11
40,26
31,19
16,8
18,10
26,14
29,18
30,15
29,18
22,13
21,11
20,10
20,10
20,11
21,12
30,17
39,26
36,25
32,18
21,15
10,3
11,7
11,7
18,13
25,17
35,23
22,19
12,7
18,11
17,11
10,7
12,7
7,6
11,8
47,34
41,26
28,16
27,11
19,11
18,12
23,14
34,8
22,11
18,12
11,8
13,9
17,13
26,18
27,19
34,24
30,25
26,20
45,22
33,17
33,19
28,21
20,9
18,8
22,13
33,19
34,26
41,30
48,35
23,17
33,23
26,19
42,29
58,42
52,31
40,24
33,21
41,20
14,12
20,12
20,9
24,11
30,17
15,10
20,12
19,13
24,15
26,16
44,29
46,36
17,11
21,15
42,25
30,20
41,25
48,31
85,45
14,10
27,23
39,27
29,21
20,14
16,8
23,13
35,20
35,23
41,26
39,24
57,40
65,19
84,23
75,36
79,35
4,2
7,1
14,4
9,3
4,1
14,7
12,6
15,8
25,13
40,25
18,11
21,10
30,18
31,23
42,32
45,32
62,42
48,35
41,29
39,30
18,13
32,23
11,9
9,7
17,10
50,35
50,37
86,36
64,21
69,25
35,16
19,9
36,22
7,5
19,12
11,7
13,10
12,9
29,17
38,18
73,21
11,5
12,6
23,11
28,15
6,4
13,9
21,10
14,9
33,9
28,11
15,7
32,15
30,17
25,17
22,13
21,16
28,20
25,18
35,24
26,19
7,7
27,21
24,19
28,20
21,14
15,10
13,9
25,18
33,25
23,17
21,9
19,10
13,8
11,9
35,22
24,14
25,16
22,14
11,9
19,12
25,12
23,9
46,20
28,13
37,19
42,20
43,20
30,15
58,27
103,38
44,22
21,7
45,9
27,14
40,11
42,11
33,12
41,15
46,19
43,20
21,14
10,9
94,25
101,22
80,21
23,10
29,12
83,35
60,28
41,17
53,26
37,22
27,14
24,11
13,11
19,16
32,20
22,6
41,8
40,7
19,8
175,22
82,12
59,18
16,7
60,18
76,19
55,17
35,18
32,17
156,26
242,31
69,14
31,12
20,10
22,12
26,14
21,11
17,9
30,10
40,15
27,15
25,13
17,8
21,8
7,6
26,19
22,15
25,18
31,18
28,15
23,10
17,12
22,15
37,25
47,31
33,23
28,20
17,11
20,13
25,17
100,19
84,18
26,11
12,7
18,11
20,9
14,7
4,3
7,7
19,7
22,15
20,11
34,19
18,10
21,13
11,9
20,14
17,11
21,16
14,10
18,14
16,8
14,11
24,18
25,20
24,19
19,14
23,17
30,20
20,8
8,4
14,9
14,9
9,6
9,4
6,4
6,4
8,4
8,4
7,3
20,13
14,10
19,13
13,9
11,7
37,21
26,19
25,21
19,13
19,15
11,8
11,6
12,5
11,3
10,2
9,4
11,4
12,7
10,5
28,17
20,14
13,7
10,4
6,3
11,5
21,14
28,22
31,22
28,22
19,16
15,11
14,9
19,14
15,8
15,9
13,9
11,5
16,11
15,7
12,7
11,6
14,6
20,12
19,12
17,12
16,8
18,8
15,11
13,9
14,11
17,13
22,14
26,21
20,16
10,4
12,8
21,13
21,13
16,9
12,7
15,8
13,7
9,8
10,5
14,6
20,11
21,11
20,11
23,13
15,6
12,5
10,5
14,9
18,12
20,15
13,8
14,8
14,7
7,5
10,4
19,11
21,14
14,7
15,6
16,7
18,6
19,8
20,11
10,7
9,6
28,19
19,14
21,10
13,6
16,9
11,8
17,7
27,11
18,10
13,6
12,7
14,10
22,11
13,7
19,8
17,12
17,12
22,13
19,8
16,9
11,6
12,6
14,6
10,5
19,11
18,13
17,13
23,17
32,19
18,11
18,11
20,12
27,18
19,10
21,10
17,10
21,14
24,16
15,5
14,7
15,9
17,11
11,7
14,8
11,7
11,8
11,7
15,11
22,17
14,8
11,7
21,12
28,15
14,9
12,7
36,22
20,10
11,8
12,8
18,12
34,16
28,17
16,10
14,8
16,10
34,23
22,15
14,10
49,35
48,20
66,17
49,13
53,21
33,15
13,7
16,7
17,10
10,7
9,5
9,6
9,7
9,6
22,14
11,7
12,9
12,8
16,13
29,20
26,19
24,16
31,22
44,33
55,40
33,24
55,26
13,6
15,7
18,10
60,31
65,36
96,47
59,30
67,32
54,28
35,18
48,23
30,16
22,14
7,4
19,11
22,11
43,22
43,22
60,22
20,9
23,12
36,18
30,13
9,5
15,9
26,12
24,11
36,14
36,15
28,14
42,22
32,20
36,20
34,19
45,26
40,26
55,32
54,32
41,26
10,8
39,22
41,26
28,20
17,13
10,9
20,12
42,25
50,28
32,19
31,14
23,15
21,14
40,21
64,32
30,18
33,19
40,24
26,17
35,20
36,16
45,19
60,30
36,21
43,23
63,33
53,29
52,26
86,43
92,64
38,18
51,32
30,18
54,19
46,18
37,16
61,32
62,32
57,30
46,27
23,17
139,37
123,28
95,29
37,16
55,29
95,51
95,55
81,46
78,47
42,25
29,17
27,16
14,12
19,16
69,50
35,12
43,13
36,14
27,13
279,53
133,35
54,26
37,24
65,29
86,36
80,38
52,31
52,32
249,52
273,60
65,21
32,16
24,20
38,22
38,22
31,18
26,16
47,20
53,24
40,23
40,23
30,17
10,9
12,12
34,26
25,18
32,23
50,28
34,20
32,19
29,22
34,26
41,29
57,37
52,31
40,29
17,13
27,17
44,22
125,43
70,28
28,16
30,17
29,17
32,21
20,15
14,14
19,14
22,13
22,12
49,19
32,23
27,18
38,24
29,23
35,26
32,23
33,26
44,34
35,29
31,25
27,23
27,23
18,16
36,28
34,29
40,27
47,31
21,15
19,15
29,22
23,19
22,18
23,22
12,14
19,17
23,16
24,18
33,24
37,30
37,31
50,37
29,25
21,19
44,30
35,29
33,28
43,31
32,25
25,24
16,16
27,24
11,14
12,12
14,18
10,10
10,15
20,15
31,23
39,29
21,14
11,7
8,3
9,4
15,9
22,14
37,29
38,29
27,20
27,21
27,19
22,15
22,16
19,13
18,13
13,10
14,8
14,8
7,5
4,5
15,10
25,18
34,22
28,19
17,10
25,15
16,10
10,7
29,19
27,20
28,19
31,23
25,18
12,8
12,8
27,17
25,15
21,12
16,6
16,10
12,7
14,9
15,10
22,13
18,8
16,8
17,10
20,10
16,7
18,10
14,10
14,9
24,15
26,17
11,6
6,5
16,12
8,6
17,8
21,12
11,5
17,7
15,6
16,5
16,5
9,6
14,9
18,11
42,26
21,14
28,10
19,9
18,10
21,11
25,7
25,9
19,10
13,6
11,5
18,10
22,10
20,10
22,12
24,15
24,16
34,17
32,14
25,13
28,16
15,5
21,8
19,8
30,14
30,18
36,22
49,31
46,25
30,16
27,14
33,18
41,23
43,23
42,23
32,16
32,19
32,18
18,8
22,9
22,12
25,13
20,12
20,11
19,11
17,10
21,12
36,23
40,27
19,11
19,11
26,12
34,17
35,21
27,17
43,22
20,9
26,13
30,17
35,19
26,17
31,18
18,9
50,28
72,24
64,20
57,23
67,31
48,17
13,10
22,20
10,9
11,9
11,9
19,17
25,23
27,21
40,30
46,39
50,45
59,52
34,35
50,38
22,12
26,14
42,24
73,56
114,95
208,59
119,37
78,32
58,29
59,34
39,22
13,8
18,12
24,13
21,10
23,14
52,31
71,40
69,22
22,11
25,15
50,27
22,12
13,10
24,19
32,19
31,14
46,18
44,15
39,20
53,29
39,15
32,16
44,28
52,38
49,33
64,45
80,59
56,38
24,19
47,37
41,32
43,30
40,25
44,29
47,36
41,27
45,31
36,26
40,14
29,16
37,25
35,25
60,38
30,14
28,16
42,29
46,31
43,24
38,11
43,17
58,32
68,39
74,42
71,35
60,29
59,32
90,44
108,40
65,31
41,12
50,14
31,12
69,13
56,20
54,24
74,40
86,49
63,28
41,19
55,23
163,30
75,18
63,19
37,13
124,52
77,34
70,35
61,30
60,33
49,28
46,27
27,11
18,12
83,76
69,51
43,8
72,15
42,11
36,12
272,36
111,19
48,17
36,17
106,33
79,25
55,16
27,12
27,12
44,17
162,31
96,24
42,13
25,12
24,12
30,15
31,16
24,13
39,12
44,18
30,14
29,12
11,6
3,2
8,3
13,8
26,16
34,19
37,18
40,23
40,22
26,13
26,15
33,19
42,23
29,14
17,9
12,6
18,10
13,6
106,26
94,28
51,20
41,16
30,12
25,10
11,4
4,1
12,6
22,14
25,16
23,13
32,17
27,18
28,17
21,15
24,15
17,11
23,15
24,15
14,10
23,13
21,15
26,15
26,14
27,18
30,21
23,16
36,23
26,15
8,6
14,8
23,15
16,11
13,9
5,2
15,10
9,5
18,8
6,3
11,8
16,11
12,8
5,2
18,12
31,18
16,11
11,7
21,14
22,14
17,10
17,8
15,7
18,6
9,3
8,5
5,2
3,2
15,8
38,25
29,22
10,6
8,4
7,4
8,3
13,9
22,15
22,16
19,15
19,15
18,15
21,17
24,16
17,12
13,8
18,13
17,12
19,10
12,5
9,5
5,3
18,9
25,16
28,20
28,21
28,20
18,12
15,9
14,10
18,13
19,15
13,10
11,8
6,3
10,5
15,7
20,13
24,16
15,10
7,2
10,4
14,8
21,14
17,11
16,9
21,13
16,10
17,10
17,12
17,10
23,15
26,17
23,16
24,15
19,14
8,5
9,7
15,9
8,4
9,5
18,12
23,14
9,5
17,11
18,13
14,9
18,9
17,10
8,5
23,17
43,31
18,14
22,11
16,12
18,13
16,12
32,11
18,11
30,21
14,12
12,9
19,14
23,17
24,16
28,20
30,21
25,19
35,18
29,14
29,18
31,21
15,8
19,10
22,13
30,18
32,22
34,23
41,30
47,24
34,19
32,23
36,24
45,29
43,27
30,18
31,19
29,20
21,17
22,10
27,14
24,17
27,20
17,13
15,12
13,12
17,13
23,16
30,23
30,26
15,10
15,10
30,17
28,18
30,22
31,22
61,36
15,9
10,9
22,17
34,25
31,19
27,20
17,11
18,14
30,22
34,24
30,23
33,24
69,52
64,20
81,28
52,22
41,24
22,17
5,4
12,9
14,10
6,5
10,8
10,9
13,12
19,14
21,17
14,11
17,13
21,17
30,23
42,31
38,30
40,29
56,40
64,50
68,53
49,38
40,27
13,6
16,7
23,13
69,48
83,61
85,53
72,33
74,33
59,30
41,23
67,37
56,39
17,10
11,5
17,11
22,13
49,25
53,25
52,16
15,6
23,13
39,20
22,10
9,4
24,13
28,14
26,9
36,11
32,11
39,19
46,24
32,16
36,19
37,23
47,32
55,36
53,35
50,35
41,26
16,11
49,37
55,41
37,23
19,11
10,6
21,13
47,30
64,41
36,25
31,7
23,10
29,17
39,25
62,40
30,16
28,15
35,20
41,26
40,21
39,12
49,17
63,31
48,25
55,29
67,34
62,31
65,27
93,31
93,37
58,26
43,19
52,16
30,11
45,13
43,15
40,16
52,27
57,29
63,27
47,27
18,11
113,26
108,17
76,17
36,12
75,33
94,41
75,35
72,32
68,32
41,22
33,18
25,11
14,8
22,14
58,34
32,6
49,9
43,10
39,12
259,31
124,24
62,21
34,17
91,24
85,26
69,24
52,26
47,22
199,29
285,42
78,16
31,10
26,14
36,17
33,16
32,13
32,15
38,10
43,15
36,17
36,18
28,15
6,4
7,4
28,20
28,17
36,25
37,15
38,17
33,14
33,17
30,17
43,25
66,38
57,27
36,22
18,7
27,13
48,18
130,31
79,22
46,16
33,14
29,12
33,15
18,8
8,3
14,4
25,9
34,15
35,13
35,14
27,11
30,13
26,13
37,18
32,16
28,14
40,22
27,15
23,11
30,14
29,15
25,11
31,17
36,21
38,20
39,16
29,8
24,10
28,15
25,14
24,11
26,13
15,7
18,9
15,9
30,19
15,7
24,13
36,23
40,25
21,12
22,8
50,21
37,18
32,14
40,24
40,25
26,16
22,11
33,18
13,5
13,6
17,8
11,3
8,3
14,5
39,24
46,32
17,9
11,5
11,4
16,7
20,11
30,17
39,25
34,23
33,23
33,21
30,17
24,13
24,14
25,13
22,14
17,10
14,5
14,3
10,4
5,1
19,8
26,14
32,18
23,12
17,7
30,15
23,11
12,6
23,16
22,13
27,18
30,22
22,14
9,5
13,5
24,13
20,11
18,8
16,8
10,4
12,5
23,12
21,13
17,8
13,5
15,5
16,7
17,8
15,6
14,5
14,6
19,10
29,16
25,15
8,3
8,3
16,9
11,5
16,6
26,14
32,19
8,3
16,5
15,4
12,4
16,3
14,7
17,9
24,12
44,29
23,14
25,8
15,6
21,11
25,14
28,6
22,8
19,8
13,4
16,6
18,11
21,9
21,10
28,15
30,18
21,14
34,15
26,8
29,13
34,18
15,4
18,5
18,8
31,14
35,19
37,22
51,31
38,22
26,13
25,13
35,19
48,26
31,19
48,30
39,22
37,20
63,38
70,39
72,45
64,40
91,63
114,83
31,19
28,17
35,14
35,16
62,36
36,20
23,12
34,18
47,32
53,37
65,42
65,43
79,57
53,38
27,18
66,46
55,35
33,19
28,17
38,24
33,22
17,8
28,16
28,15
38,21
42,24
61,41
60,19
76,24
62,25
72,34
37,18
8,4
17,9
22,14
7,6
9,5
8,7
9,8
16,11
28,22
12,9
14,10
16,11
25,18
33,24
42,29
55,36
63,45
70,54
80,63
48,39
37,26
26,12
31,18
42,25
73,52
112,84
125,78
87,27
75,29
67,31
76,40
78,38
37,25
14,10
11,8
27,16
35,18
52,22
63,24
79,19
26,12
28,16
50,29
31,9
25,11
33,18
39,18
30,16
42,16
43,15
42,20
51,26
47,17
46,21
46,29
60,42
84,56
100,73
101,71
51,32
26,22
51,38
62,43
49,31
53,35
23,13
32,21
50,34
63,47
42,25
91,67
35,24
44,31
50,39
70,55
35,21
32,22
47,33
55,35
37,26
48,13
44,18
63,40
72,53
75,42
85,42
69,33
68,36
94,55
96,48
65,24
44,13
50,19
47,23
68,13
53,15
56,23
69,28
78,35
66,24
56,27
98,49
158,27
75,14
54,16
41,18
96,34
78,29
66,25
77,36
74,37
45,28
54,37
24,13
22,14
79,62
85,47
39,8
66,13
47,13
48,18
238,27
168,24
68,17
52,19
100,26
87,23
58,20
35,20
34,18
66,19
216,26
138,22
42,14
26,13
32,18
29,17
36,19
41,13
42,12
48,18
35,16
39,20
28,16
4,9
11,3
30,20
38,22
45,26
51,29
44,26
42,23
34,22
27,19
39,21
50,25
49,21
32,19
16,10
26,17
42,13
155,26
57,18
51,20
42,16
32,15
33,21
14,10
10,5
20,8
23,8
32,19
34,20
31,12
26,15
30,16
25,16
30,21
27,15
28,14
28,20
22,16
30,19
33,20
28,18
34,21
32,20
32,21
30,19
40,27
24,12
20,15
25,15
25,18
26,21
25,16
8,10
22,14
23,13
23,16
13,8
24,11
27,22
35,24
18,14
29,14
43,16
27,13
11,12
23,19
24,15
18,13
26,19
22,15
8,6
13,6
19,10
13,8
9,4
22,11
46,34
49,35
22,15
11,10
15,8
17,8
17,8
18,11
26,18
34,24
29,25
29,20
44,25
30,20
31,21
30,21
17,15
13,9
16,8
15,6
9,2
23,14
22,16
29,20
37,22
39,22
21,24
22,12
20,14
15,12
23,18
18,12
20,15
15,12
13,8
25,8
33,20
29,23
17,12
16,11
15,8
23,12
35,17
25,19
9,9
19,11
19,11
14,8
18,8
15,8
23,16
21,16
32,20
26,19
21,14
7,4
7,6
9,6
10,6
15,7
27,13
27,17
14,4
24,10
19,10
10,4
11,7
7,6
13,6
30,18
42,23
16,9
23,6
19,9
19,10
22,12
39,6
28,11
23,14
9,5
14,6
28,12
28,13
30,14
33,16
31,20
20,11
38,14
31,10
33,14
28,17
23,5
19,6
22,9
34,14
33,17
38,22
48,31
54,22
45,22
32,19
47,24
51,26
41,25
40,18
34,20
24,15
17,13
32,7
26,7
28,12
36,20
23,9
22,12
20,14
24,11
28,13
54,29
50,31
15,9
21,10
36,16
43,17
49,19
51,23
71,29
21,6
18,10
22,15
28,15
35,16
28,14
20,7
26,12
33,19
34,18
55,27
67,34
96,56
69,12
88,22
60,23
49,27
19,8
11,5
14,7
9,5
7,7
20,5
17,8
13,8
32,20
31,15
17,9
21,10
20,14
21,17
28,21
33,22
41,25
47,32
60,41
69,47
31,23
53,36
6,6
12,9
21,15
76,48
80,53
112,57
53,25
91,33
38,17
33,14
41,18
34,10
34,14
14,6
16,13
17,12
46,27
47,23
74,23
7,6
18,10
28,14
29,15
6,7
27,11
32,14
15,11
33,12
33,14
21,11
46,17
35,20
38,20
34,21
35,24
37,24
48,23
58,31
38,24
7,6
37,23
45,27
35,16
23,13
65,39
37,23
25,13
25,14
20,12
23,21
49,34
27,9
44,11
43,10
23,10
205,41
89,22
52,20
14,9
52,24
90,32
63,24
45,24
37,22
183,39
246,48
54,16
31,13
20,12
31,20
30,16
26,14
23,12
34,15
65,39
37,23
25,13
25,14
20,12
23,21
49,34
27,9
44,11
43,10
23,10
205,41
89,22
52,20
14,9
52,24
90,32
63,24
45,24
37,22
183,39
246,48
54,16
31,13
20,12
31,20
30,16
26,14
23,12
34,15
49,22
35,21
31,17
22,14
37,13
10,6
27,21
23,16
30,24
41,26
33,19
29,13
17,11
25,19
43,31
53,37
32,20
31,22
12,9
20,12
31,19
107,34
90,27
30,15
17,8
23,15
26,13
20,11
9,5
12,7
18,8
22,16
21,13
37,24
24,14
27,16
18,12
28,17
20,13
26,18
26,19
18,13
22,15
20,14
28,18
29,20
34,24
24,16
28,21
36,23
20,7
16,8
25,14
19,9
13,6
10,5
13,4
12,5
11,6
20,8
13,6
26,17
24,16
23,15
16,9
16,10
35,19
24,16
15,10
30,17
29,22
17,12
14,5
18,7
14,4
16,5
11,6
3,2
11,6
14,8
24,15
16,9
14,7
15,8
13,4
11,5
24,18
28,21
34,28
30,20
22,17
17,9
12,7
23,13
19,12
17,10
14,8
9,5
15,9
13,7
9,6
12,5
17,8
21,11
21,13
17,11
18,11
22,10
19,11
12,8
17,12
20,14
20,13
24,18
19,11
15,5
17,9
23,15
20,13
14,9
17,7
16,8
15,9
10,5
10,6
14,7
14,7
14,7
17,10
19,9
14,5
11,5
10,6
14,8
19,12
18,12
11,7
11,7
12,7
8,4
12,5
19,11
30,19
14,6
15,6
12,6
17,6
19,7
20,11
16,10
12,8
35,23
20,15
25,12
15,8
14,8
14,8
21,9
29,13
17,9
12,6
12,6
16,10
20,9
16,9
16,10
19,13
19,14
27,17
30,15
23,13
17,10
14,7
15,7
14,7
25,14
24,16
24,17
32,22
38,24
22,13
19,10
25,16
35,22
29,18
25,15
23,14
24,16
26,18
22,9
23,11
14,8
19,12
15,9
18,11
13,9
14,10
17,12
29,20
27,23
15,10
14,10
23,13
37,22
25,18
16,11
41,24
19,9
14,8
17,11
24,17
31,16
26,17
15,10
16,11
20,13
35,27
30,21
31,23
42,32
48,22
68,22
49,19
59,30
28,15
8,4
12,6
10,6
9,6
7,5
11,8
10,7
14,9
23,17
13,10
15,11
12,8
17,16
29,24
28,23
30,21
43,34
53,47
51,46
29,26
52,39
23,13
32,20
32,23
46,35
75,62
117,92
128,64
88,41
58,34
67,45
58,43
21,11
10,5
14,10
23,15
32,19
48,24
58,27
58,17
25,12
27,13
53,31
28,11
26,10
35,21
38,21
37,14
43,16
39,16
37,17
63,37
41,17
37,19
39,27
66,51
77,61
71,54
68,51
33,22
22,17
42,33
65,54
29,20
33,24
17,10
28,18
47,36
82,65
47,35
34,9
29,16
39,27
40,26
47,29
35,19
35,22
45,32
38,26
33,19
45,10
38,17
70,44
77,54
50,33
62,34
62,31
69,45
89,53
92,51
52,25
29,8
36,9
43,11
50,10
38,14
53,27
88,59
85,62
59,37
55,31
85,24
131,23
92,22
56,15
43,20
62,28
69,34
69,34
87,44
75,45
39,28
42,32
49,26
19,11
58,50
74,49
34,8
53,17
42,19
60,20
241,31
173,27
86,20
55,19
101,30
96,30
41,16
32,16
27,13
50,14
49,11
47,14
45,15
30,15
26,13
36,21
35,18
27,12
36,13
41,17
28,13
36,17
40,22
13,5
15,9
30,26
33,24
47,31
50,30
45,27
51,32
37,23
22,14
34,21
53,33
33,16
34,19
20,12
22,14
75,21
115,28
56,14
38,18
33,14
30,14
27,16
10,4
12,6
35,17
31,14
34,21
30,17
32,16
35,19
28,16
20,12
34,21
21,13
21,12
32,21
21,13
30,19
25,16
29,18
26,18
26,18
21,15
26,18
46,33
35,23
12,5
17,8
27,17
34,25
33,26
17,11
36,12
35,21
33,22
35,25
29,20
21,15
38,24
34,25
25,16
44,28
39,22
13,7
19,9
31,19
18,10
25,16
24,16
18,11
23,15
32,19
29,16
13,6
29,17
57,44
65,52
30,22
11,5
24,16
19,11
13,6
22,13
34,25
32,25
17,11
30,24
28,22
36,27
24,17
22,15
22,14
23,16
11,5
8,3
8,3
6,2
18,11
19,11
29,19
41,29
25,16
17,10
27,19
35,27
34,24
30,21
27,19
21,15
12,6
7,2
18,8
40,27
29,20
15,8
15,8
20,10
24,13
27,14
27,17
20,12
19,10
19,9
19,10
18,10
18,9
29,17
36,25
34,23
29,19
21,14
10,3
10,4
11,5
16,10
20,13
30,19
23,15
11,4
18,9
17,9
11,4
10,3
6,2
10,4
48,31
36,21
27,13
26,10
17,8
18,10
21,12
31,7
20,9
18,9
10,4
12,6
18,9
23,14
25,16
31,20
28,19
24,16
43,20
34,15
30,17
27,17
20,7
17,7
23,11
29,16
31,19
34,21
44,30
22,13
35,18
27,17
41,23
46,30
40,24
34,20
29,16
35,16
13,9
17,9
17,8
19,11
25,16
16,10
18,12
19,12
22,14
22,15
37,28
42,35
17,11
21,15
36,25
26,18
31,22
40,30
78,48
14,8
18,10
23,17
36,26
27,19
16,10
14,7
20,11
29,19
32,23
34,26
33,24
55,43
51,17
62,21
61,32
60,33
4,2
6,2
10,5
7,4
4,1
15,9
12,7
13,7
22,15
37,26
18,12
18,11
25,18
32,27
41,34
43,34
59,47
48,39
38,31
35,29
20,16
42,28
22,8
29,14
34,19
66,49
116,85
134,75
96,28
72,27
59,28
62,36
62,40
33,16
18,10
18,8
25,11
31,16
52,22
57,22
72,14
29,10
34,15
56,27
34,8
23,7
31,19
32,14
33,13
48,16
41,11
39,13
46,17
46,14
40,15
45,27
65,48
83,58
107,74
86,63
50,31
29,20
55,40
72,52
52,36
51,28
28,14
29,19
50,33
83,57
41,28
34,8
35,14
36,19
45,24
58,35
35,13
35,15
48,26
42,29
39,20
50,8
45,14
58,29
71,43
56,31
61,29
59,25
57,23
96,51
94,39
65,18
40,7
45,10
45,9
67,10
60,15
58,23
76,43
73,47
63,23
64,35
127,30
187,24
79,11
57,12
44,15
83,32
76,33
57,21
71,30
81,34
43,20
46,24
27,6
22,9
71,54
80,53
46,6
63,12
42,9
43,12
306,32
195,19
73,11
64,13
101,19
88,19
51,9
41,13
33,13
61,21
247,26
144,19
50,12
27,12
30,14
30,15
36,11
36,15
48,13
47,16
32,13
38,14
33,13
12,2
7,6
33,25
34,23
37,23
46,26
45,25
38,24
33,17
26,13
38,20
50,26
43,15
31,13
20,9
25,13
55,14
152,26
66,20
52,21
40,15
32,11
38,14
18,7
11,4
16,8
22,10
38,18
36,17
32,16
31,12
27,11
25,12
28,12
23,11
27,11
32,15
28,15
30,16
29,15
28,17
31,17
32,20
35,19
34,19
42,22
25,9
19,7
23,12
28,15
35,21
25,15
12,2
17,9
20,6
28,11
12,5
31,14
31,17
38,21
20,9
23,12
38,14
29,9
12,4
27,12
22,12
17,5
22,9
22,8
7,2
10,4
19,7
11,4
7,3
22,12
52,29
51,34
23,12
11,3
12,4
14,4
16,4
17,4
24,13
34,22
47,23
34,23
42,30
26,15
26,15
29,18
22,11
13,6
12,6
12,5
4,2
22,9
24,11
31,17
36,23
35,19
32,18
20,10
22,13
22,12
25,15
17,8
19,9
12,5
9,3
21,10
34,18
31,17
18,8
12,6
13,5
23,12
31,18
28,13
14,4
22,10
20,7
19,9
21,9
21,7
30,16
30,18
33,22
28,14
21,9
12,4
10,3
9,2
11,3
15,5
23,9
29,15
12,3
18,9
20,11
14,6
16,2
9,4
12,4
36,21
43,22
19,7
22,10
17,9
20,9
20,11
39,5
24,9
25,12
12,4
16,5
23,14
27,15
27,13
33,19
29,18
19,13
32,14
25,11
24,15
23,11
15,7
18,6
20,7
26,13
28,19
32,21
42,27
49,28
39,23
34,22
40,32
34,26
39,17
28,13
28,11
40,21
20,7
27,8
19,5
23,11
43,20
16,8
20,11
19,10
19,11
25,16
47,35
55,44
14,9
18,10
38,18
27,14
34,18
33,21
59,29
13,6
16,9
28,18
29,23
27,17
21,15
18,8
20,10
30,19
32,19
42,30
49,37
73,59
63,13
80,16
57,20
63,37
21,8
10,4
15,9
10,4
8,6
12,7
14,9
17,11
30,24
27,22
15,9
18,10
22,15
30,28
34,31
35,31
43,34
54,43
53,43
26,12
29,16
37,27
47,38
72,68
119,89
161,54
103,37
51,25
53,35
55,45
19,12
14,10
17,11
20,10
35,19
50,27
75,30
70,19
27,14
30,17
57,34
29,10
21,9
35,25
40,19
34,10
53,20
42,16
42,19
47,23
47,15
43,19
42,33
60,52
68,59
76,59
50,36
36,23
21,14
41,33
81,71
41,30
34,20
20,11
26,19
36,32
70,70
37,26
37,9
30,15
37,23
38,23
51,33
36,16
36,23
44,34
35,28
37,19
54,10
35,11
52,33
46,32
55,40
61,39
48,20
35,23
54,33
91,54
38,12
32,5
42,8
51,8
57,9
53,22
61,29
98,78
54,39
61,39
68,35
173,41
136,22
98,23
51,13
50,21
58,29
78,40
93,49
95,47
98,51
61,32
65,40
58,33
14,9
66,53
67,35
43,5
63,13
44,13
113,17
256,22
203,25
103,21
51,18
106,29
101,29
49,23
40,24
13,8
98,17
59,13
56,15
60,17
36,14
26,11
34,19
34,15
23,11
37,13
32,13
38,15
47,21
47,26
11,6
17,9
32,21
38,22
44,24
51,31
47,22
45,28
37,22
20,10
38,21
58,37
31,17
34,19
23,11
26,15
95,25
147,31
43,11
38,17
33,14
33,15
22,14
9,4
16,6
31,15
33,17
33,20
28,15
36,13
37,21
29,16
19,9
26,16
14,7
24,12
30,19
24,14
28,16
24,14
22,13
29,18
20,12
17,9
33,18
44,29
41,27
13,6
21,11
42,28
40,29
33,22
20,13
15,6
23,12
21,12
24,12
16,8
28,18
40,34
34,24
47,29
44,27
17,9
21,14
36,26
21,13
21,12
20,14
26,17
33,20
28,14
24,11
25,11
43,27
45,34
54,43
37,29
10,6
17,11
19,12
12,6
24,17
32,26
23,19
14,8
29,23
33,25
33,25
23,19
18,14
19,14
23,14
9,4
8,4
9,5
4,2
9,6
19,12
34,22
35,26
25,18
17,11
27,19
29,24
22,16
26,19
29,21
18,13
10,5
10,3
23,12
33,21
32,21
15,10
14,8
21,9
21,9
27,15
31,20
24,17
19,12
25,15
29,17
22,13
22,13
33,19
25,18
23,17
28,18
27,18
9,3
12,7
14,6
13,7
18,10
26,16
20,15
11,5
26,13
26,14
15,7
14,7
9,5
13,8
48,37
28,14
32,16
24,10
19,11
24,16
25,16
35,8
25,10
28,15
17,9
14,8
28,16
32,17
32,20
34,23
23,14
25,16
45,17
38,17
34,18
34,21
20,8
18,9
28,13
34,20
33,20
29,21
45,35
38,18
47,24
36,21
41,26
37,28
49,29
39,23
45,20
65,22
12,8
22,12
19,9
24,15
32,20
15,9
19,12
19,12
22,14
27,17
48,38
43,39
18,9
26,16
39,26
28,17
35,28
42,34
87,54
15,8
22,14
36,28
43,29
24,16
15,10
16,8
26,14
35,23
42,28
48,34
54,43
68,60
76,22
95,29
82,38
45,19
7,3
7,4
18,13
9,6
4,2
18,11
15,8
18,11
28,20
40,29
19,13
19,12
26,19
31,28
42,38
54,42
76,66
53,46
43,38
38,36
28,22
46,34
15,7
17,9
29,17
68,50
80,60
194,48
115,29
63,26
38,18
32,18
29,15
11,5
14,8
21,9
15,6
15,8
37,20
48,21
55,15
15,7
18,10
27,11
15,9
27,12
26,10
40,11
37,11
21,10
36,18
27,10
23,11
36,22
37,25
32,22
48,34
57,42
41,28
19,11
33,24
37,28
40,28
31,19
33,21
34,25
20,13
33,19
34,20
31,7
21,11
24,15
24,15
45,29
23,11
21,10
24,15
20,12
27,15
28,9
28,10
43,23
50,30
46,27
40,18
38,16
56,29
69,35
81,45
45,21
28,8
30,9
19,8
45,9
41,16
39,19
68,35
60,31
42,17
24,15
52,16
105,18
69,16
47,14
31,12
72,30
78,35
54,26
48,22
51,26
38,20
34,18
25,10
23,11
93,73
41,30
28,6
49,9
34,7
20,10
163,31
101,12
39,9
30,11
88,18
75,15
42,12
11,7
29,12
58,14
186,23
81,16
27,9
20,11
23,11
24,11
25,12
21,9
34,9
34,12
22,10
27,14
12,7
13,4
10,4
18,13
21,14
26,15
28,13
31,17
31,15
17,10
25,16
34,22
38,23
30,19
17,9
13,6
22,13
10,7
99,17
99,19
76,20
46,17
50,25
37,17
29,9
6,3
6,2
24,11
23,10
35,16
34,17
23,13
24,14
20,13
19,12
17,12
27,17
21,12
16,11
23,14
24,16
25,16
22,15
21,14
23,17
23,15
36,22
22,10
9,6
19,11
25,16
16,8
10,6
17,7
18,9
11,5
25,9
9,5
14,8
16,8
9,4
10,6
21,12
34,22
33,18
15,9
43,23
48,26
37,17
32,11
33,8
37,9
20,6
7,3
13,4
9,3
8,5
25,16
25,18
14,8
23,8
13,5
14,5
32,20
42,32
37,29
32,24
34,26
33,24
29,20
24,14
24,15
20,11
25,16
31,23
25,18
19,12
14,8
7,4
28,13
31,18
37,24
32,21
41,31
29,19
30,15
30,19
31,21
24,16
23,13
23,14
13,6
13,7
20,9
28,16
30,18
24,15
19,6
9,5
18,7
22,13
16,9
25,13
29,18
26,14
26,14
22,11
19,7
21,10
27,17
30,17
25,13
25,17
12,8
17,11
16,6
10,3
13,6
23,13
30,15
13,3
16,8
17,8
16,8
22,8
23,8
11,6
26,18
49,27
19,9
21,6
14,6
15,8
14,6
23,5
14,5
21,10
15,7
13,7
17,8
23,12
24,12
25,13
26,14
24,13
29,10
19,6
20,8
22,9
14,4
17,5
22,8
23,10
26,12
30,16
34,19
41,17
28,11
25,13
24,13
30,15
28,12
20,11
24,13
22,11
29,14
27,7
23,9
18,11
24,14
14,6
11,6
12,5
12,6
15,8
21,13
23,15
12,5
14,6
27,10
26,13
19,10
14,9
55,28
13,5
10,6
14,9
29,17
29,14
20,11
13,7
13,8
19,11
28,14
17,10
22,14
59,35
53,11
65,18
46,15
37,17
29,14
6,3
10,6
10,5
10,4
10,4
13,5
10,7
10,6
19,9
12,8
13,9
14,12
24,16
31,20
27,18
34,23
41,27
60,42
50,33
51,35
51,39
20,13
21,12
29,20
73,57
105,87
194,57
111,32
76,29
50,30
41,28
24,15
9,10
20,16
23,12
19,10
23,13
48,28
59,25
76,21
20,9
32,23
54,33
20,10
13,7
13,11
31,20
29,13
45,15
42,13
30,12
45,22
39,14
32,15
43,29
48,35
42,33
78,59
74,57
50,37
27,22
41,36
60,52
67,53
36,24
47,33
39,30
38,29
53,40
42,29
37,11
30,16
35,25
33,21
58,38
30,14
29,17
39,28
29,21
36,23
38,11
35,15
47,25
69,45
62,40
52,26
50,23
54,34
77,36
102,31
55,21
39,10
48,10
29,9
69,10
59,19
51,24
76,45
69,42
70,37
47,24
98,43
127,23
61,16
60,18
39,18
71,29
73,35
64,33
57,29
64,35
54,34
40,24
29,19
19,17
125,109
77,58
43,12
63,16
40,12
40,17
253,40
123,23
44,18
44,25
103,35
82,27
59,23
36,26
27,18
49,23
135,29
89,25
49,18
32,16
26,15
28,16
31,16
29,17
41,16
48,21
32,15
32,17
22,11
3,4
6,8
15,13
28,21
33,19
36,20
41,26
39,25
28,17
25,18
32,20
46,26
31,17
24,17
20,15
23,17
20,12
110,34
93,31
49,23
39,18
32,17
31,16
16,9
6,6
17,14
30,21
22,17
28,19
37,21
30,20
26,17
22,17
23,17
20,15
28,23
20,17
12,13
18,14
23,13
26,16
25,15
31,22
27,17
28,18
33,23
34,23
13,10
24,15
34,21
34,19
25,13
17,8
29,17
21,11
29,17
16,8
14,9
37,19
52,24
37,18
32,11
42,20
39,17
35,13
32,14
23,10
24,11
15,5
13,8
14,3
4,2
34,10
45,24
43,25
22,10
10,6
13,7
10,7
14,5
23,10
30,18
25,12
22,12
22,12
37,20
37,23
22,14
16,11
24,13
27,12
16,8
30,16
33,21
35,26
34,28
37,27
22,16
20,13
23,18
27,21
30,20
23,16
23,15
16,9
19,10
27,14
38,20
40,26
28,20
20,9
26,12
31,14
44,27
39,21
28,16
36,20
36,20
37,21
32,17
30,13
35,19
41,23
38,20
36,18
15,5
10,5
13,6
10,4
10,4
16,9
20,12
13,7
21,12
21,13
16,8
20,10
15,9
11,6
28,19
52,35
21,12
23,9
15,8
17,11
14,10
32,7
20,9
24,14
20,14
17,11
19,12
22,14
24,15
26,15
24,15
22,15
27,11
22,8
21,10
22,14
16,5
16,5
18,6
21,10
23,13
25,16
38,26
57,26
30,12
27,14
29,16
35,17
33,18
25,13
22,14
21,16
24,17
28,9
25,9
18,7
21,13
18,7
16,7
16,6
16,5
22,11
26,14
25,16
15,5
19,6
37,14
27,13
26,14
23,12
70,34
15,4
14,4
29,18
29,14
30,12
26,13
17,5
19,8
24,12
33,16
19,7
30,17
69,46
65,12
83,22
51,19
43,30
27,16
10,5
27,18
23,12
16,6
21,9
23,14
29,17
37,23
34,20
42,28
50,33
66,47
52,37
51,36
13,8
9,3
9,4
12,4
15,6
14,4
81,48
28,8
34,13
35,15
75,47
69,41
130,39
103,28
81,28
43,15
31,9
32,12
26,12
27,10
39,13
30,9
27,10
57,24
69,18
97,27
27,8
23,7
48,18
29,11
19,7
20,7
36,15
33,10
70,7
37,7
57,22
38,8
31,7
49,20
40,18
29,10
51,27
57,29
41,18
29,11
44,22
32,13
51,28
43,16
35,16
34,18
34,16
33,13
50,24
48,8
29,10
35,14
26,10
61,33
35,10
31,10
32,12
29,11
42,19
42,8
34,8
71,31
76,38
59,23
75,31
58,22
72,32
108,56
99,41
59,19
47,6
58,10
32,10
67,12
45,11
51,18
87,37
75,29
33,13
22,7
74,26
120,24
93,21
80,18
46,13
84,29
110,43
69,29
51,20
73,30
60,24
43,13
35,11
30,13
62,38
82,48
48,11
90,10
48,8
41,11
320,45
107,17
45,10
40,16
106,30
100,25
79,17
37,15
47,20
89,21
225,39
80,17
34,9
20,7
42,16
32,12
37,12
45,18
46,12
53,16
40,13
35,14
16,5
16,4
22,8
28,13
34,16
38,16
50,18
52,20
45,16
20,6
31,13
54,25
55,24
52,21
20,6
26,9
40,16
31,12
138,30
110,27
61,20
42,14
61,21
41,16
26,7
21,5
17,3
31,9
32,11
31,11
52,19
31,9
28,9
17,11
19,10
16,9
29,17
25,14
14,8
17,10
18,10
21,12
25,13
19,10
25,14
27,16
32,17
27,16
15,9
22,12
26,15
24,12
12,6
10,4
11,5
12,5
14,7
13,6
14,8
21,12
13,6
20,12
28,18
38,22
25,16
14,7
21,13
27,15
21,11
18,9
16,7
15,5
8,3
9,3
10,3
9,4
13,7
16,8
21,12
11,4
11,4
11,5
13,4
15,8
22,15
16,9
19,13
17,11
19,12
23,13
18,10
17,7
14,5
19,11
19,11
17,7
17,5
30,13
28,16
28,18
23,15
25,14
19,10
19,11
14,6
16,11
18,11
16,9
14,6
10,5
11,5
25,10
22,10
21,12
12,6
9,4
9,4
14,6
15,6
18,10
11,3
20,11
23,11
19,10
18,10
24,11
22,7
20,8
19,9
20,8
20,13
30,22
12,6
13,4
11,4
10,3
12,4
14,6
22,10
16,5
17,6
22,7
30,8
28,9
16,6
19,10
32,21
50,28
21,10
32,9
15,4
21,7
16,6
33,6
18,7
20,9
20,7
18,8
25,11
19,8
23,12
22,12
24,13
33,11
22,5
20,7
16,5
21,6
22,5
24,7
20,8
20,9
20,9
27,15
46,18
33,14
28,11
21,9
24,9
20,9
22,8
26,12
23,10
17,6
17,7
30,9
35,11
23,10
23,11
25,7
19,6
18,6
17,7
19,8
24,13
28,12
26,8
25,9
33,12
39,16
21,11
21,9
62,28
23,7
16,6
14,7
42,21
50,20
31,11
18,8
14,6
22,11
35,16
20,9
23,12
63,37
68,16
69,20
43,15
23,10
13,6
14,3
16,5
17,9
16,6
16,6
12,4
10,5
11,5
26,13
11,5
31,20
38,24
33,21
34,21
58,41
42,29
67,45
56,39
29,15
30,16
39,23
78,59
105,85
129,75
75,33
80,34
57,30
53,33
53,30
29,20
13,7
18,9
27,14
33,20
57,32
60,32
71,24
22,15
31,24
46,33
22,11
16,8
20,16
29,18
28,16
44,21
42,16
35,21
47,29
38,20
35,22
40,30
52,45
60,48
71,59
76,65
44,39
22,22
42,40
44,40
33,26
48,38
33,28
30,26
34,29
51,39
36,33
27,13
28,18
29,22
43,33
58,42
27,16
29,20
38,30
39,29
39,28
42,11
40,20
72,47
86,62
72,52
69,38
56,31
58,34
85,44
86,44
51,23
37,10
39,16
29,13
58,16
50,19
52,27
62,39
63,42
57,32
49,21
62,36
158,42
77,19
57,21
39,18
88,40
74,36
60,29
65,35
54,32
38,23
46,28
24,14
15,11
55,49
83,60
49,10
68,15
40,13
40,15
221,33
152,31
76,23
41,19
82,28
75,26
49,20
34,17
37,19
59,22
208,36
123,27
44,15
23,14
31,15
28,17
31,17
35,18
44,15
52,21
30,15
37,18
30,15
9,6
10,6
30,23
29,20
38,22
41,23
37,21
32,20
36,23
24,15
33,18
49,24
44,19
30,19
15,10
22,14
40,15
126,32
57,22
43,21
39,17
27,14
31,17
16,10
9,4
15,7
23,11
26,15
33,17
32,17
24,13
27,16
24,13
33,18
31,19
30,18
26,21
21,19
21,15
25,18
23,18
24,21
27,22
30,25
27,22
51,29
26,18
20,16
20,18
20,18
24,20
24,21
7,6
26,17
25,17
12,7
18,13
21,15
21,15
7,7
13,9
18,11
9,7
8,5
13,9
35,28
33,29
19,14
13,9
11,7
15,7
14,8
15,10
22,16
28,25
25,22
29,25
8,8
36,22
21,14
25,18
33,24
22,15
24,13
15,12
25,20
25,18
32,26
30,23
22,17
20,15
26,21
24,19
15,11
15,12
15,11
8,7
24,13
30,19
34,24
34,26
32,23
36,28
24,17
22,16
18,11
24,19
22,15
24,19
18,14
14,10
23,16
31,21
32,25
25,17
15,12
14,9
23,16
30,23
28,20
18,15
19,14
20,15
21,15
21,16
20,13
25,19
27,20
33,23
35,25
28,21
14,11
13,10
17,11
19,10
17,10
31,22
35,26
16,11
23,17
19,14
17,12
18,12
16,15
18,15
38,29
53,41
28,23
25,17
19,14
20,15
21,17
37,12
20,12
24,18
16,13
18,15
26,19
23,18
21,15
28,19
28,23
25,19
34,19
24,14
25,17
31,24
15,9
18,8
24,12
31,20
30,22
31,21
45,33
52,29
43,27
31,21
38,24
36,23
47,28
35,20
32,18
32,23
28,21
23,8
22,8
17,9
29,17
18,11
21,14
24,17
24,15
26,17
43,30
38,31
12,8
15,9
37,19
32,18
27,19
32,21
69,35
13,5
18,10
21,15
23,16
36,20
28,18
16,7
23,15
33,22
37,24
36,25
42,28
76,57
59,16
71,24
57,28
53,33
26,14
4,2
10,5
15,10
5,5
7,4
23,19
26,21
17,10
21,14
24,19
25,21
41,34
45,38
47,37
54,44
67,56
68,60
34,30
43,31
21,13
27,18
30,19
63,47
95,70
127,78
77,36
66,27
58,32
47,31
41,29
20,17
6,7
7,7
23,16
32,21
54,27
44,22
72,22
26,14
31,19
51,28
26,12
20,10
25,19
34,21
33,15
48,16
48,16
36,19
51,24
42,18
50,26
50,31
66,47
72,50
73,52
83,59
48,34
23,20
50,42
49,40
31,21
47,33
14,11
20,16
46,34
61,43
41,31
33,11
30,16
29,19
49,31
62,37
36,16
36,20
39,25
40,24
43,23
55,10
49,18
74,40
85,52
62,37
62,29
59,27
65,29
89,29
89,37
57,20
37,8
42,12
33,12
74,11
51,13
54,21
77,41
65,37
56,23
36,15
35,16
160,29
83,14
68,16
43,16
91,36
88,35
61,24
66,30
60,30
40,20
41,24
19,8
13,8
41,33
76,46
41,6
60,11
38,9
41,15
286,33
79,18
40,16
82,22
78,21
49,17
35,15
37,16
87,20
38,11
22,10
33,16
25,15
33,15
34,16
41,12
187,30
139,25
254,36
33,14
34,17
6,5
6,5
30,22
28,17
35,18
42,21
37,22
33,17
35,19
25,13
29,17
50,21
40,16
29,17
15,10
23,13
46,14
137,31
38,13
27,12
32,14
29,12
28,17
17,11
7,4
12,6
18,9
52,18
25,10
24,14
38,20
37,18
25,12
26,13
27,14
34,17
29,18
26,16
27,15
24,16
24,14
31,20
25,15
25,16
36,22
30,19
25,14
35,20
20,11
16,9
23,15
23,13
22,13
19,14
10,5
18,11
20,11
26,16
10,8
19,11
30,17
20,15
20,12
39,18
25,13
10,6
24,16
19,14
18,12
17,12
21,14
7,6
8,8
20,12
11,7
7,4
13,9
36,27
42,32
22,17
13,10
11,7
14,9
13,6
14,9
23,14
28,21
31,23
29,22
29,22
33,25
28,18
28,16
26,17
23,14
12,7
11,7
11,7
4,4
20,11
25,14
26,17
26,17
25,14
30,18
24,17
19,12
10,7
24,14
19,11
29,20
21,12
10,6
18,9
35,21
26,15
16,9
14,9
13,6
20,11
21,13
20,13
13,8
14,7
19,9
19,9
19,9
18,7
20,11
17,10
27,15
34,21
21,14
7,5
8,5
12,8
13,5
16,9
29,15
33,21
9,5
15,7
14,8
14,6
13,5
8,4
10,7
37,22
56,30
25,14
24,10
15,8
17,8
20,11
43,8
21,9
18,9
12,6
13,7
16,11
19,9
20,9
30,14
26,16
25,15
38,16
30,11
30,13
28,16
20,6
20,7
24,8
32,14
32,17
37,22
49,29
55,27
32,16
31,15
39,20
52,27
50,26
38,21
36,18
35,22
19,12
24,10
25,9
20,10
27,14
26,14
24,13
20,13
22,12
29,15
48,29
60,42
15,9
19,10
35,16
31,17
29,16
32,17
61,27
18,6
18,9
24,16
18,14
22,10
24,14
19,7
19,9
28,16
34,18
37,22
42,27
64,42
58,15
71,22
61,27
50,26
17,7
5,2
9,4
8,3
6,4
8,4
12,6
13,7
19,12
31,20
15,8
17,8
20,12
27,18
37,26
36,24
40,26
54,37
65,45
77,57
30,23
40,33
20,10
18,10
24,14
67,38
72,46
81,56
49,31
71,35
47,27
38,24
49,32
21,18
16,13
10,8
20,16
21,15
41,26
42,25
62,27
15,10
15,11
30,18
31,17
9,8
15,14
22,16
18,13
28,15
27,15
29,18
54,34
34,23
34,24
30,21
34,30
37,30
40,31
46,34
36,29
10,8
34,30
32,30
26,21
21,15
12,10
25,17
33,26
29,25
23,21
30,13
20,13
24,17
32,25
57,42
25,18
33,25
45,32
38,28
31,23
29,16
40,20
53,28
29,18
56,34
63,35
60,34
40,24
72,32
101,48
46,25
36,21
63,21
32,16
50,16
39,14
28,12
53,28
64,33
47,23
13,8
9,8
104,24
103,20
89,24
38,16
52,27
99,46
86,49
57,30
64,34
29,19
17,10
23,13
25,17
27,21
66,44
30,12
39,13
61,25
36,18
227,39
90,25
54,23
15,10
65,24
93,33
71,26
44,23
47,24
206,37
240,41
46,14
29,11
21,13
34,19
32,18
36,21
22,14
38,16
50,26
45,28
47,31
36,21
26,15
12,10
31,22
24,17
48,35
46,26
36,20
36,19
23,18
32,25
59,39
65,46
66,43
45,33
16,11
23,16
47,32
136,37
92,29
34,18
35,20
37,23
36,22
28,18
16,11
14,8
22,12
31,20
32,22
40,22
26,15
36,18
29,21
50,32
38,23
39,30
36,28
30,23
36,26
37,26
35,26
30,21
47,36
37,26
46,33
40,24
24,11
27,20
41,24
24,14
16,11
21,15
22,15
30,19
35,19
37,23
39,25
30,23
35,25
33,24
27,21
29,20
60,31
41,29
29,23
48,39
49,35
35,23
26,20
37,23
31,21
26,16
18,14
25,14
32,24
17,10
46,34
22,16
25,16
23,16
21,13
25,14
32,24
45,32
44,33
35,30
29,23
35,25
23,16
35,24
28,20
25,15
23,15
13,11
17,12
18,11
17,13
28,15
27,17
31,20
24,19
20,15
18,13
24,14
16,10
16,12
30,25
27,22
35,26
38,29
35,24
28,18
22,16
27,18
22,17
21,15
30,20
29,18
22,14
19,14
15,12
15,10
21,13
20,12
23,13
23,13
16,9
12,7
11,8
18,10
28,21
22,17
16,13
15,11
19,14
13,10
27,20
33,25
39,29
17,12
21,13
16,11
19,11
22,11
19,15
26,15
13,5
41,25
25,16
25,10
17,6
18,7
19,7
25,7
33,10
20,8
12,4
14,4
21,10
22,7
18,6
19,8
28,15
17,9
37,17
38,16
42,21
33,17
18,4
18,4
15,7
34,13
37,17
37,20
44,24
48,22
22,9
18,7
36,18
52,29
49,24
46,24
42,19
28,15
33,21
29,11
27,9
24,9
32,16
22,11
18,8
14,6
16,6
24,10
31,16
36,19
20,9
13,6
21,8
43,18
46,24
46,23
49,23
25,8
18,4
19,9
36,15
38,13
32,13
22,7
21,6
21,10
39,23
35,17
30,13
53,31
59,22
84,25
55,19
66,27
39,16
12,3
16,4
18,6
11,9
11,3
8,5
15,7
19,6
30,19
18,9
17,4
11,5
16,11
27,17
35,18
42,24
49,29
52,34
46,32
25,18
